{"cameraMode":{"drawMode":0,"name":"Shaded","section":"Shading Mode"},"sceneLighting":false,"audioPlay":false,"sceneViewState":{"m_AlwaysRefresh":true,"showFog":true,"showSkybox":false,"showFlares":true,"showImageEffects":true,"showParticleSystems":true,"showVisualEffectGraphs":true,"m_FxEnabled":true},"in2DMode":false,"pivot":{"x":-0.22555828094482423,"y":0.27349424362182619,"z":0.3141663372516632},"rotation":{"x":0.356801837682724,"y":0.6035035252571106,"z":-0.3445945382118225,"w":0.6243638396263123},"size":1.5406560897827149,"orthographic":false}