{"cameraMode":{"drawMode":0,"name":"Shaded","section":"Shading Mode"},"sceneLighting":false,"audioPlay":false,"sceneViewState":{"m_AlwaysRefresh":true,"showFog":true,"showSkybox":false,"showFlares":true,"showImageEffects":true,"showParticleSystems":true,"showVisualEffectGraphs":true,"m_FxEnabled":true},"in2DMode":false,"pivot":{"x":-5.960464477539063e-8,"y":0.8250000476837158,"z":-0.0020818710327148439},"rotation":{"x":-0.09995901584625244,"y":-0.6476442217826843,"z":0.08610865473747254,"w":-0.7505295276641846},"size":1.4429609775543213,"orthographic":false}