{"cameraMode":{"drawMode":0,"name":"Shaded","section":"Shading Mode"},"sceneLighting":false,"audioPlay":false,"sceneViewState":{"m_AlwaysRefresh":true,"showFog":true,"showSkybox":false,"showFlares":true,"showImageEffects":true,"showParticleSystems":true,"showVisualEffectGraphs":true,"m_FxEnabled":true},"in2DMode":false,"pivot":{"x":-0.20613381266593934,"y":0.04716604948043823,"z":0.6557296514511108},"rotation":{"x":-0.40672796964645388,"y":-0.5804303884506226,"z":0.41309744119644167,"w":-0.5720517039299011},"size":3.3205339908599855,"orthographic":false}