{"cameraMode":{"drawMode":0,"name":"Shaded","section":"Shading Mode"},"sceneLighting":false,"audioPlay":false,"sceneViewState":{"m_AlwaysRefresh":true,"showFog":true,"showSkybox":false,"showFlares":true,"showImageEffects":true,"showParticleSystems":true,"showVisualEffectGraphs":true,"m_FxEnabled":true},"in2DMode":false,"pivot":{"x":0.2705732583999634,"y":0.41192173957824709,"z":0.7384293675422669},"rotation":{"x":-0.3890514075756073,"y":-0.5966138243675232,"z":0.40449774265289309,"w":-0.5738106369972229},"size":2.660212755203247,"orthographic":false}