{"cameraMode":{"drawMode":0,"name":"Shaded","section":"Shading Mode"},"sceneLighting":false,"audioPlay":false,"sceneViewState":{"m_AlwaysRefresh":true,"showFog":true,"showSkybox":false,"showFlares":true,"showImageEffects":true,"showParticleSystems":true,"showVisualEffectGraphs":true,"m_FxEnabled":true},"in2DMode":false,"pivot":{"x":1.5692554712295533,"y":-0.10848498344421387,"z":-0.14392799139022828},"rotation":{"x":-0.488449364900589,"y":0.008400497026741505,"z":-0.004657039884477854,"w":-0.8725973963737488},"size":1.8328040838241578,"orthographic":false}