{"cameraMode":{"drawMode":0,"name":"Shaded","section":"Shading Mode"},"sceneLighting":false,"audioPlay":false,"sceneViewState":{"m_AlwaysRefresh":true,"showFog":true,"showSkybox":false,"showFlares":true,"showImageEffects":true,"showParticleSystems":true,"showVisualEffectGraphs":true,"m_FxEnabled":true},"in2DMode":false,"pivot":{"x":-0.04492083191871643,"y":0.1152619868516922,"z":0.035914331674575809},"rotation":{"x":0.4804385006427765,"y":0.024061402305960656,"z":-0.012910336256027222,"w":0.8766891360282898},"size":2.9713196754455568,"orthographic":false}