{"cameraMode":{"drawMode":0,"name":"Shaded","section":"Shading Mode"},"sceneLighting":false,"audioPlay":false,"sceneViewState":{"m_AlwaysRefresh":true,"showFog":true,"showSkybox":false,"showFlares":true,"showImageEffects":true,"showParticleSystems":true,"showVisualEffectGraphs":true,"m_FxEnabled":true},"in2DMode":false,"pivot":{"x":0.16857865452766419,"y":0.14899493753910066,"z":-5.960464477539063e-8},"rotation":{"x":-0.6002187728881836,"y":0.010057492181658745,"z":-0.007587539963424206,"w":-0.7997787594795227},"size":5.002032279968262,"orthographic":false}