{"cameraMode":{"drawMode":0,"name":"Shaded","section":"Shading Mode"},"sceneLighting":false,"audioPlay":false,"sceneViewState":{"m_AlwaysRefresh":true,"showFog":true,"showSkybox":false,"showFlares":true,"showImageEffects":true,"showParticleSystems":true,"showVisualEffectGraphs":true,"m_FxEnabled":true},"in2DMode":false,"pivot":{"x":-0.027113014832139016,"y":0.34613993763923647,"z":0.25298669934272768},"rotation":{"x":0.6109181642532349,"y":0.014247520826756955,"z":-0.011001670733094216,"w":0.791545033454895},"size":2.5110270977020265,"orthographic":false}