{"cameraMode":{"drawMode":0,"name":"Shaded","section":"Shading Mode"},"sceneLighting":false,"audioPlay":false,"sceneViewState":{"m_AlwaysRefresh":true,"showFog":true,"showSkybox":false,"showFlares":true,"showImageEffects":true,"showParticleSystems":true,"showVisualEffectGraphs":true,"m_FxEnabled":true},"in2DMode":false,"pivot":{"x":0.21893495321273805,"y":0.05512360855937004,"z":0.1698417067527771},"rotation":{"x":-0.5612158179283142,"y":-0.0019797375425696375,"z":0.0013703705044463277,"w":-0.827750027179718},"size":3.496366500854492,"orthographic":false}